Model, Rule % Non-Compliance, Inv Rule % Non-Compliance
gpt-4o-mini , 0.0803571428571428 , 0.09002976190476186
gemma2:9b , 0.044642857142857095 , 0.21403769841269837
qwen2.5:3b , 0.2410714285714286 , 0.3159722222222221
llama3.2:1b , 0.4779265873015873 , 0.5520833333333333
