Benchmark, Rule % Compliance, Inv Rule % Compliance
gpt-4o-mini , 0.9196428571428572 , 0.9099702380952381
gemma2:9b , 0.9553571428571429 , 0.7859623015873016
qwen2.5:3b , 0.7589285714285714 , 0.6840277777777779
llama3.2:1b , 0.5220734126984127 , 0.4479166666666667
