Benchmark,gpt-4o-mini, gemma2:9b, qwen2.5:3b, llama3.2:1b
speech-tag ,1.0, 0.95, 0.98, 0.1
text-to-p ,0.85, 0.77, 0.28, 0.05
shakespeare ,0.98, 0.95, 0.95, 0.93
sentence ,0.88, 0.96, 0.79, 0.69
extract-names ,1.0, 0.94, 0.69, 0.39
elements ,0.69, 0.56, 0.38, 0.46
art-prompt ,0.98, 0.83, 0.83, 0.52
classify ,0.96, 1.0, 0.88, 0.75
average ,0.9175000000000001, 0.8700000000000001, 0.7225, 0.48625
