Benchmark,gpt-4o-mini, gemma2:9b, qwen2.5:3b, llama3.2:1b
speech-tag ,0.0, 0.050000000000000044, 0.020000000000000018, 0.9
text-to-p ,0.15000000000000002, 0.22999999999999998, 0.72, 0.95
shakespeare ,0.020000000000000018, 0.050000000000000044, 0.050000000000000044, 0.06999999999999995
sentence ,0.12, 0.040000000000000036, 0.20999999999999996, 0.31000000000000005
extract-names ,0.0, 0.06000000000000005, 0.31000000000000005, 0.61
elements ,0.31000000000000005, 0.43999999999999995, 0.62, 0.54
art-prompt ,0.020000000000000018, 0.17000000000000004, 0.17000000000000004, 0.48
classify ,0.040000000000000036, 0.0, 0.12, 0.25
average ,0.0824999999999999, 0.1299999999999999, 0.27749999999999997, 0.5137499999999999
