Model, PromptPex % Non-Compliance, Baseline % Non-Compliance
gpt-4o-mini , 0.0824999999999999 , 0.011249999999999982
gemma2:9b , 0.1299999999999999 , 0.11375000000000002
qwen2.5:3b , 0.27749999999999997 , 0.16375000000000006
llama3.2:1b , 0.5137499999999999 , 0.49875
