Benchmark, PromptPex Compliance %, Baseline Compliance %
gpt-4o-mini , 0.9175000000000001 , 0.98875
gemma2:9b , 0.8700000000000001 , 0.88625
qwen2.5:3b , 0.7225 , 0.8362499999999999
llama3.2:1b , 0.48625 , 0.50125
