Benchmark,% valid tests
speech-tag ,0.7142857142857143
text-to-p ,0.8974358974358975
shakespeare ,0.2619047619047619
sentence ,1.0
extract-names ,0.6944444444444444
elements ,0.7708333333333334
art-prompt ,0.8333333333333334
classify ,0.7916666666666666
